Financial_Year,Municipality,Geo_Code,Population,Muni_Category,Coalition_Count,Collapse_Count,Audit_Outcome,Irregular_Expenditure_R,Unauthorised_Expenditure_R,Fruitless_Wasteful_Expenditure_R,Repairs_Maintenance_Ratio,Notes
2025/2026,AbaQulusi,KZN263,247263,B,1,0,,,,,,
2024/2025,AbaQulusi,KZN263,247263,B,1,0,Unqualified_Findings,265300000,172400000,25100000,0.1115,
2023/2024,AbaQulusi,KZN263,247263,B,1,0,Unqualified_Findings,125600000,310700000,9900000,0.0876,
2022/2023,AbaQulusi,KZN263,247263,B,2,0,Unqualified_Findings,150400000,233900000,2400000,0.0444,
2021/2022,AbaQulusi,KZN263,247263,B,1,0,Unqualified_Findings,58200000,152100000,23600000,0.0354,
2025/2026,Alfred Duma,KZN238,415036,B,1,0,,,,,,
2024/2025,Alfred Duma,KZN238,415036,B,1,0,Unqualified_Findings,860000,118200000,570000,0.0433,
2023/2024,Alfred Duma,KZN238,415036,B,1,0,Unqualified_Findings,2300000,11900000,30000,0.0470,
2022/2023,Alfred Duma,KZN238,415036,B,2,0,Unqualified_Findings,1500000,7200000,340000,0.0399,
2021/2022,Alfred Duma,KZN238,415036,B,1,0,Unqualified_Findings,0,20100000,1000,0.0425,
2025/2026,Beaufort West,WC053,72972,B,1,1,,,,,,
2024/2025,Beaufort West,WC053,72972,B,1,1,Unqualified_Findings,15600000,6700000,2400000,0.0089,
2023/2024,Beaufort West,WC053,72972,B,1,0,Qualified_Findings,20700000,12700000,1200000,0.0116,
2022/2023,Beaufort West,WC053,72972,B,1,0,Qualified_Findings,27800000,21300000,9000000,0.0090,
2021/2022,Beaufort West,WC053,72972,B,1,0,Qualified_Findings,8300000,23200000,8900000,0.0139,
2025/2026,Bitou,WC047,65240,B,1,0,,,,,,
2024/2025,Bitou,WC047,65240,B,2,1,Qualified_Findings,45500000,12500000,280000,0.0233,
2023/2024,Bitou,WC047,65240,B,2,1,Unqualified_Findings,21900000,31800000,1200000,0.0297,
2022/2023,Bitou,WC047,65240,B,1,0,Clean,180000,0,80000,0.0325,
2021/2022,Bitou,WC047,65240,B,1,0,Unqualified_Findings,73200000,884800000,0,,
2025/2026,Blue Crane Route,EC102,49883,B,1,0,,,,,,
2024/2025,Blue Crane Route,EC102,49883,B,1,0,Qualified_Findings,37800000,10200000,19800000,0.0081,
2023/2024,Blue Crane Route,EC102,49883,B,1,0,Qualified_Findings,7200000,12300000,16300000,0.0044,
2022/2023,Blue Crane Route,EC102,49883,B,0,0,Unqualified_Findings,12600000,0,300000,,
2021/2022,Blue Crane Route,EC102,49883,B,0,0,Unqualified_Findings,10000000,0,50000,0.0026,
2025/2026,Breede Valley,WC025,212682,B,1,0,,,,,,
2024/2025,Breede Valley,WC025,212682,B,1,0,Clean,0,0,0,0.0336,
2023/2024,Breede Valley,WC025,212682,B,1,0,Clean,0,0,0,0.0317,
2022/2023,Breede Valley,WC025,212682,B,1,0,Clean,0,0,0,0.0300,
2021/2022,Breede Valley,WC025,212682,B,1,0,Clean,0,0,0,0.0315,
2025/2026,Cape Agulhas,WC033,40274,B,1,0,,,,,,
2024/2025,Cape Agulhas,WC033,40274,B,1,0,Clean,2600000,31900000,130000,0.1399,
2023/2024,Cape Agulhas,WC033,40274,B,1,0,Clean,113700000,30600000,200000,0.1448,
2022/2023,Cape Agulhas,WC033,40274,B,1,0,Clean,2900000,8600000,440000,0.1483,
2021/2022,Cape Agulhas,WC033,40274,B,1,0,Clean,9700000,2700000,30000,0.1419,
2025/2026,Cederberg,WC012,55108,B,1,0,,,,,,
2024/2025,Cederberg,WC012,55108,B,2,0,Clean,10300000,1500000,0,0.0604,
2023/2024,Cederberg,WC012,55108,B,1,0,Unqualified_Findings,16600000,970000,1200000,0.0606,
2022/2023,Cederberg,WC012,55108,B,3,2,Unqualified_Findings,36200000,2400000,3900000,0.0496,
2021/2022,Cederberg,WC012,55108,B,1,0,Unqualified_Findings,35200000,0,3400000,0.0542,
2025/2026,City of Ekurhuleni,EKU,4066691,A,2,0,,,,,,
2024/2025,City of Ekurhuleni,EKU,4066691,A,1,0,Qualified_Findings,137600000,0,0,0.0554,
2023/2024,City of Ekurhuleni,EKU,4066691,A,1,0,Unqualified_Findings,124200000,397100000,410000,0.0555,
2022/2023,City of Ekurhuleni,EKU,4066691,A,3,1,Unqualified_Findings,69500000,0,75300000,0.0407,
2021/2022,City of Ekurhuleni,EKU,4066691,A,1,0,Clean,288500000,0,5700000,0.0348,
2025/2026,City of Tshwane,TSH,4040315,A,1,0,,,,,,
2024/2025,City of Tshwane,TSH,4040315,A,2,1,Qualified_Findings,3240800000,1298000000,614000000,,
2023/2024,City of Tshwane,TSH,4040315,A,1,0,Qualified_Findings,2411200000,2146000000,793000000,0.0193,
2022/2023,City of Tshwane,TSH,4040315,A,3,2,Qualified_Findings,3816900000,423300000,1345300000,0.0240,
2021/2022,City of Tshwane,TSH,4040315,A,1,0,Adverse_Findings,1253000000,1351100000,845400000,,
2025/2026,Dannhauser,KZN254,142750,B,2,1,,,,,,
2024/2025,Dannhauser,KZN254,142750,B,1,0,Unqualified_Findings,13600000,48100000,4000,0.0574,
2023/2024,Dannhauser,KZN254,142750,B,1,0,Unqualified_Findings,26400000,28800000,80000,0.0514,
2022/2023,Dannhauser,KZN254,142750,B,3,1,Unqualified_Findings,4200000,64700000,30000,0.0565,
2021/2022,Dannhauser,KZN254,142750,B,1,0,Unqualified_Findings,76500000,37700000,400000,0.0381,
2025/2026,Ditsobotla,NW384,164176,B,2,0,,,,,,
2024/2025,Ditsobotla,NW384,164176,B,2,1,Disclaimed_Findings,22400000,0,19900000,,
2023/2024,Ditsobotla,NW384,164176,B,1,0,Disclaimed_Findings,0,0,43400000,0.0041,
2022/2023,Ditsobotla,NW384,164176,B,2,1,Disclaimed_Findings,,,,0.0007,
2021/2022,Ditsobotla,NW384,164176,B,0,0,Disclaimed_Findings,,,,,
2025/2026,Dr Beyers Naudé,EC101,101001,B,1,0,,,,,,
2024/2025,Dr Beyers Naudé,EC101,101001,B,1,0,Qualified_Findings,47100000,193500000,40800000,0.0510,
2023/2024,Dr Beyers Naudé,EC101,101001,B,1,0,Unqualified_Findings,61800000,98000000,55600000,0.0348,
2022/2023,Dr Beyers Naudé,EC101,101001,B,2,0,Unqualified_Findings,204000000,105800000,48300000,0.0200,
2021/2022,Dr Beyers Naudé,EC101,101001,B,3,1,Qualified_Findings,190000000,61000000,21200000,0.0179,
2025/2026,eDumbe,KZN261,96735,B,1,0,,,,,,
2024/2025,eDumbe,KZN261,96735,B,1,0,Unqualified_Findings,23400000,28400000,120000,0.0250,
2023/2024,eDumbe,KZN261,96735,B,1,0,Unqualified_Findings,89000000,61600000,4000000,0.0172,
2022/2023,eDumbe,KZN261,96735,B,1,0,Unqualified_Findings,25700000,29800000,70000,0.0171,
2021/2022,eDumbe,KZN261,96735,B,1,0,Unqualified_Findings,23500000,68900000,60000,0.0310,
2025/2026,eMadlangeni,KZN253,36948,B,1,0,,,,,,
2024/2025,eMadlangeni,KZN253,36948,B,1,0,Unqualified_Findings,33000000,22900000,440000,0.0042,
2023/2024,eMadlangeni,KZN253,36948,B,1,0,Unqualified_Findings,47300000,16000000,180000,0.0108,
2022/2023,eMadlangeni,KZN253,36948,B,2,0,Unqualified_Findings,45100000,28600000,370000,0.0093,
2021/2022,eMadlangeni,KZN253,36948,B,1,0,Qualified_Findings,13800000,12800000,950000,0.0052,
2025/2026,eMalahleni,MP312,434522,B,1,0,,,,,,
2024/2025,eMalahleni,MP312,434522,B,0,0,Unqualified_Findings,,,,,
2023/2024,eMalahleni,MP312,434522,B,0,0,Unqualified_Findings,1647400000,1036600000,384000000,,
2022/2023,eMalahleni,MP312,434522,B,0,0,Qualified_Findings,154200000,921200000,534100000,,
2021/2022,eMalahleni,MP312,434522,B,0,0,Qualified_Findings,187800000,909900000,273800000,,
2025/2026,Emfuleni,GT421,945650,B,1,0,,,,,,
2024/2025,Emfuleni,GT421,945650,B,1,0,Qualified_Findings,20400000,3043000000,455500000,0.0437,
2023/2024,Emfuleni,GT421,945650,B,1,0,Qualified_Findings,49300000,1650400000,208500000,0.0717,
2022/2023,Emfuleni,GT421,945650,B,1,0,Qualified_Findings,92300000,2214100000,598100000,0.0498,
2021/2022,Emfuleni,GT421,945650,B,1,0,Qualified_Findings,232300000,2708900000,827900000,0.0472,
2025/2026,eNdumeni,KZN241,100085,B,1,0,,,,,,
2024/2025,eNdumeni,KZN241,100085,B,1,0,Qualified_Findings,31900000,93400000,24000000,0.0447,
2023/2024,eNdumeni,KZN241,100085,B,1,0,Disclaimed_Findings,5300000,39000000,11800000,0.0442,
2022/2023,eNdumeni,KZN241,100085,B,1,0,Qualified_Findings,21700000,56000000,11400000,0.0167,
2021/2022,eNdumeni,KZN241,100085,B,1,0,Qualified_Findings,2600000,11300000,2700000,0.0065,
2025/2026,eThekwini,ETH,4239901,A,1,0,,,,,,
2024/2025,eThekwini,ETH,4239901,A,1,0,Unqualified_Findings,4482000000,0,67400000,0.0749,
2023/2024,eThekwini,ETH,4239901,A,1,0,Unqualified_Findings,1612000000,0,6700000,1.0156,
2022/2023,eThekwini,ETH,4239901,A,3,0,Unqualified_Findings,2408900000,0,580000,1.9590,
2021/2022,eThekwini,ETH,4239901,A,1,0,Unqualified_Findings,1497700000,0,2100000,2.8078,
2025/2026,Gamagara,NC453,29580,B,1,0,,,,,,
2024/2025,Gamagara,NC453,29580,B,1,0,Unqualified_Findings,68900000,91900000,38100000,,
2023/2024,Gamagara,NC453,29580,B,2,1,Unqualified_Findings,123500000,28600000,16600000,0.0441,
2022/2023,Gamagara,NC453,29580,B,2,1,Unqualified_Findings,142900000,18000000,38000000,,
2021/2022,Gamagara,NC453,29580,B,1,0,Unqualified_Findings,165300000,112500000,20800000,0.0199,
2025/2026,George,WC044,294929,B,2,0,,,,,,
2024/2025,George,WC044,294929,B,1,0,Clean,60000000,27400000,250000,0.0428,
2023/2024,George,WC044,294929,B,3,0,Clean,40000000,31300000,0,0.0426,
2022/2023,George,WC044,294929,B,1,0,Clean,170000,0,0,0.0579,
2021/2022,George,WC044,294929,B,1,0,Clean,15400000,3300000,730000,0.0465,
2025/2026,Govan Mbeki,MP307,310117,B,1,0,,,,,,
2024/2025,Govan Mbeki,MP307,310117,B,1,0,Unqualified_Findings,134700000,888900000,250200000,0.0706,
2023/2024,Govan Mbeki,MP307,310117,B,1,0,Qualified_Findings,158000000,911100000,295700000,0.0605,
2022/2023,Govan Mbeki,MP307,310117,B,1,0,Qualified_Findings,141300000,458700000,327800000,0.0433,
2021/2022,Govan Mbeki,MP307,310117,B,1,0,Qualified_Findings,101100000,786300000,157000000,0.0389,
2025/2026,Hantam,NC065,22281,B,1,0,,,,,,
2024/2025,Hantam,NC065,22281,B,1,0,Qualified_Findings,18800000,65200000,140000,,
2023/2024,Hantam,NC065,22281,B,1,0,Qualified_Findings,3800000,21500000,50000,0.0144,
2022/2023,Hantam,NC065,22281,B,1,0,Unqualified_Findings,210000,0,0,0.0248,
2021/2022,Hantam,NC065,22281,B,1,0,Clean,100000,4400000,0,0.0190,
2025/2026,iNkosi Langalibalele,KZN237,230924,B,1,0,,,,,,
2024/2025,iNkosi Langalibalele,KZN237,230924,B,1,0,Qualified_Findings,17700000,193600000,24400000,,
2023/2024,iNkosi Langalibalele,KZN237,230924,B,1,0,Qualified_Findings,85100000,72200000,41800000,0.0289,
2022/2023,iNkosi Langalibalele,KZN237,230924,B,2,0,Qualified_Findings,18200000,53500000,330000,0.0187,
2021/2022,iNkosi Langalibalele,KZN237,230924,B,1,0,Qualified_Findings,32900000,129500000,390000,0.0171,
2025/2026,JB Marks,NW405,212670,B,1,0,,,,,,
2024/2025,JB Marks,NW405,212670,B,1,0,Unqualified_Findings,246700000,255600000,78900000,0.0325,
2023/2024,JB Marks,NW405,212670,B,1,0,Qualified_Findings,466200000,15000000,33500000,0.0325,
2022/2023,JB Marks,NW405,212670,B,1,0,Qualified_Findings,297800000,33200000,5900000,0.0431,
2021/2022,JB Marks,NW405,212670,B,1,0,Qualified_Findings,278600000,24000000,4600000,0.0317,
2025/2026,Johannesburg,JHB,4803262,A,1,0,,,,,,
2024/2025,Johannesburg,JHB,4803262,A,2,0,Qualified_Findings,2369400000,2376000000,42100000,,
2023/2024,Johannesburg,JHB,4803262,A,1,0,Unqualified_Findings,1982200000,2755000000,1500000,0.0198,
2022/2023,Johannesburg,JHB,4803262,A,4,3,Unqualified_Findings,811400000,1290000000,8500000,0.0176,
2021/2022,Johannesburg,JHB,4803262,A,2,0,Unqualified_Findings,1385000000,391200000,344500000,0.0176,
2025/2026,Kannaland,WC041,31986,B,1,0,,,,,,
2024/2025,Kannaland,WC041,31986,B,1,0,Disclaimed_Findings,56000000,0,9900000,0.0455,
2023/2024,Kannaland,WC041,31986,B,1,0,Disclaimed_Findings,20100000,0,0,0.1153,
2022/2023,Kannaland,WC041,31986,B,2,1,Disclaimed_Findings,,,,,
2021/2022,Kannaland,WC041,31986,B,4,1,Disclaimed_Findings,5100000,36700000,2800000,0.1000,
2025/2026,Kareeberg,NC074,10961,B,1,0,,,,,,
2024/2025,Kareeberg,NC074,10961,B,1,0,Qualified_Findings,16400000,0,2400000,0.0207,
2023/2024,Kareeberg,NC074,10961,B,2,1,Disclaimed_Findings,0,16000000,0,,
2022/2023,Kareeberg,NC074,10961,B,1,0,Qualified_Findings,,,,,
2021/2022,Kareeberg,NC074,10961,B,1,0,Unqualified_Findings,11700000,0,50000,0.1070,
2025/2026,Karoo Hoogland,NC066,11691,B,2,1,,,,,,
2024/2025,Karoo Hoogland,NC066,11691,B,3,0,Unqualified_Findings,2000000,15400000,170000,0.0029,
2023/2024,Karoo Hoogland,NC066,11691,B,2,1,Qualified_Findings,680000,16600000,460000,0.0043,
2022/2023,Karoo Hoogland,NC066,11691,B,2,1,Unqualified_Findings,200000,29600000,440000,0.0044,
2021/2022,Karoo Hoogland,NC066,11691,B,1,0,Unqualified_Findings,1100000,13700000,90000,0.0030,
2025/2026,Kgatelopele,NC086,19854,B,1,0,,,,,,
2024/2025,Kgatelopele,NC086,19854,B,1,0,Qualified_Findings,1600000,0,4800000,0.0041,
2023/2024,Kgatelopele,NC086,19854,B,1,0,Qualified_Findings,640000,33800000,2800000,,
2022/2023,Kgatelopele,NC086,19854,B,1,0,Qualified_Findings,11600000,0,3600000,,
2021/2022,Kgatelopele,NC086,19854,B,1,0,Disclaimed_Findings,12900000,0,750000,,
2025/2026,!Kheis,NC084,21954,B,,,,,,,,No coalition or minority government was in office in !Kheis during the part of this financial year the dataset covers.
2024/2025,!Kheis,NC084,21954,B,1,1,Qualified_Findings,590000,43300000,4100000,,
2023/2024,!Kheis,NC084,21954,B,1,0,Disclaimed_Findings,,,,,
2022/2023,!Kheis,NC084,21954,B,1,0,Disclaimed_Findings,2600000,0,2100000,0.0200,
2021/2022,!Kheis,NC084,21954,B,1,0,Disclaimed_Findings,240000,1300000,2800000,0.0674,
2025/2026,Knysna,WC048,96055,B,1,0,,,,,,
2024/2025,Knysna,WC048,96055,B,1,0,Unqualified_Findings,92200000,25600000,50000,0.0226,
2023/2024,Knysna,WC048,96055,B,1,0,Unqualified_Findings,142800000,58200000,0,0.0328,
2022/2023,Knysna,WC048,96055,B,2,1,Qualified_Findings,71700000,58900000,2900000,0.0385,
2021/2022,Knysna,WC048,96055,B,3,0,Unqualified_Findings,63800000,22300000,0,0.0338,
2025/2026,KouKamma,EC109,36487,B,1,0,,,,,,
2024/2025,KouKamma,EC109,36487,B,1,0,Qualified_Findings,23200000,29400000,850000,,
2023/2024,KouKamma,EC109,36487,B,1,0,Adverse_Findings,11200000,6100000,940000,,
2022/2023,KouKamma,EC109,36487,B,1,0,Qualified_Findings,39700000,45700000,380000,0.0080,
2021/2022,KouKamma,EC109,36487,B,1,0,Unqualified_Findings,57400000,27500000,390000,0.0088,
2025/2026,KwaDukuza,KZN292,324912,B,1,0,,,,,,
2024/2025,KwaDukuza,KZN292,324912,B,1,0,Unqualified_Findings,106500000,8800000,0,0.0229,
2023/2024,KwaDukuza,KZN292,324912,B,1,0,Unqualified_Findings,3300000,57200000,0,0.0240,
2022/2023,KwaDukuza,KZN292,324912,B,1,0,Unqualified_Findings,52100000,46700000,1900000,0.0221,
2021/2022,KwaDukuza,KZN292,324912,B,1,0,Unqualified_Findings,81700000,10200000,0,0.0236,
2025/2026,Laingsburg,WC051,11366,B,1,0,,,,,,
2024/2025,Laingsburg,WC051,11366,B,2,1,Adverse_Findings,26300000,6900000,1900000,,
2023/2024,Laingsburg,WC051,11366,B,1,0,Adverse_Findings,45100000,25000000,1500000,0.0043,
2022/2023,Laingsburg,WC051,11366,B,1,0,Adverse_Findings,3700000,38100000,680000,0.0095,
2021/2022,Laingsburg,WC051,11366,B,1,0,Adverse_Findings,5400000,7700000,540000,0.0088,
2025/2026,Langeberg,WC026,94045,B,1,0,,,,,,
2024/2025,Langeberg,WC026,94045,B,2,0,Clean,20400000,0,20000,0.0306,
2023/2024,Langeberg,WC026,94045,B,1,0,Clean,0,0,5000,0.0365,
2022/2023,Langeberg,WC026,94045,B,1,0,Clean,0,0,40000,0.0332,
2021/2022,Langeberg,WC026,94045,B,1,0,Clean,250000,0,70000,0.0285,
2025/2026,Lekwa,MP305,119669,B,1,0,,,,,,
2024/2025,Lekwa,MP305,119669,B,2,1,Qualified_Findings,873900000,156200000,147500000,,
2023/2024,Lekwa,MP305,119669,B,1,0,Qualified_Findings,54200000,354000000,189900000,0.0200,
2022/2023,Lekwa,MP305,119669,B,1,0,Qualified_Findings,61800000,243000000,309800000,0.0326,
2021/2022,Lekwa,MP305,119669,B,1,0,Disclaimed_Findings,201400000,146200000,104400000,0.0127,
2025/2026,Lekwa-Teemane,NW396,59815,B,1,0,,,,,,
2024/2025,Lekwa-Teemane,NW396,59815,B,1,0,Adverse_Findings,3000000,56300000,16500000,0.0415,
2023/2024,Lekwa-Teemane,NW396,59815,B,1,0,Disclaimed_Findings,41800000,194200000,46400000,0.0254,
2022/2023,Lekwa-Teemane,NW396,59815,B,1,0,Disclaimed_Findings,32300000,129300000,38700000,0.0309,
2021/2022,Lekwa-Teemane,NW396,59815,B,1,0,Disclaimed_Findings,2500000,94400000,28800000,0.0089,
2025/2026,Lesedi,GT423,132783,B,1,0,,,,,,
2024/2025,Lesedi,GT423,132783,B,1,0,Unqualified_Findings,3800000,67900000,30500000,0.0500,
2023/2024,Lesedi,GT423,132783,B,1,0,Unqualified_Findings,6400000,9000000,20300000,0.0441,
2022/2023,Lesedi,GT423,132783,B,1,0,Unqualified_Findings,6500000,188000000,14200000,0.0345,
2021/2022,Lesedi,GT423,132783,B,1,0,Unqualified_Findings,7500000,39500000,1000000,0.0510,
2025/2026,Maluti-a-Phofung,FS194,398459,B,1,0,,,,,,
2024/2025,Maluti-a-Phofung,FS194,398459,B,1,0,Pending,,,,,
2023/2024,Maluti-a-Phofung,FS194,398459,B,2,1,Disclaimed_Findings,,,,0.0178,
2022/2023,Maluti-a-Phofung,FS194,398459,B,1,0,Disclaimed_Findings,,,,0.0095,
2021/2022,Maluti-a-Phofung,FS194,398459,B,1,0,Disclaimed_Findings,,,,0.0137,
2025/2026,Mandeni,KZN291,180939,B,1,0,,,,,,
2024/2025,Mandeni,KZN291,180939,B,0,0,Unqualified_Findings,5800000,31300000,0,0.0379,
2023/2024,Mandeni,KZN291,180939,B,0,0,Unqualified_Findings,6300000,8700000,140000,0.0321,
2022/2023,Mandeni,KZN291,180939,B,0,0,Unqualified_Findings,14300000,6200000,320000,0.0345,
2021/2022,Mandeni,KZN291,180939,B,0,0,Unqualified_Findings,14900000,0,620000,0.0378,
2025/2026,Maphumulo,KZN294,110983,B,1,0,,,,,,
2024/2025,Maphumulo,KZN294,110983,B,2,0,Unqualified_Findings,12500000,15600000,2100000,0.0183,
2023/2024,Maphumulo,KZN294,110983,B,1,0,Unqualified_Findings,9000000,9000000,2600000,0.0235,
2022/2023,Maphumulo,KZN294,110983,B,3,1,Unqualified_Findings,17000000,43500000,30000,0.0142,
2021/2022,Maphumulo,KZN294,110983,B,1,0,Unqualified_Findings,590000,0,4000,0.0168,
2025/2026,Maquassi Hills,NW404,90302,B,1,0,,,,,,
2024/2025,Maquassi Hills,NW404,90302,B,1,0,Adverse_Findings,,,,,
2023/2024,Maquassi Hills,NW404,90302,B,0,0,Adverse_Findings,34200000,206700000,8600000,,
2022/2023,Maquassi Hills,NW404,90302,B,0,0,Disclaimed_Findings,24900000,24000000,7800000,,
2021/2022,Maquassi Hills,NW404,90302,B,0,0,Disclaimed_Findings,170000000,57300000,5400000,,
2025/2026,Matzikama,WC011,69043,B,2,1,,,,,,
2024/2025,Matzikama,WC011,69043,B,2,1,Clean,129000000,340000,0,0.0102,
2023/2024,Matzikama,WC011,69043,B,1,0,Clean,59800000,0,6300000,0.0081,
2022/2023,Matzikama,WC011,69043,B,1,0,Unqualified_Findings,85200000,0,14700000,0.0116,
2021/2022,Matzikama,WC011,69043,B,2,0,Unqualified_Findings,61600000,14500000,7200000,0.0082,
2025/2026,Merafong City,GT484,225476,B,,,,,,,,No coalition or minority government was in office in Merafong City during the part of this financial year the dataset covers.
2024/2025,Merafong City,GT484,225476,B,0,0,Qualified_Findings,138900000,1065000000,207300000,0.0098,
2023/2024,Merafong City,GT484,225476,B,0,0,Qualified_Findings,209200000,1030100000,157800000,0.0009,
2022/2023,Merafong City,GT484,225476,B,1,0,Disclaimed_Findings,280400000,0,138400000,10.5176,
2021/2022,Merafong City,GT484,225476,B,1,0,Disclaimed_Findings,49100000,0,74200000,,
2025/2026,Metsimaholo,FS204,158391,B,1,0,,,,,,
2024/2025,Metsimaholo,FS204,158391,B,1,0,Qualified_Findings,89200000,29500000,3400000,0.0273,
2023/2024,Metsimaholo,FS204,158391,B,2,1,Qualified_Findings,147700000,84000000,4500000,0.0314,
2022/2023,Metsimaholo,FS204,158391,B,1,0,Qualified_Findings,107300000,0,5200000,0.0213,
2021/2022,Metsimaholo,FS204,158391,B,2,1,Qualified_Findings,168500000,25400000,1100000,0.0397,
2025/2026,Modimolle-Mookgophong,LIM368,130113,B,1,0,,,,,,
2024/2025,Modimolle-Mookgophong,LIM368,130113,B,1,0,Qualified_Findings,19300000,671000000,61400000,0.0350,
2023/2024,Modimolle-Mookgophong,LIM368,130113,B,1,0,Qualified_Findings,27100000,49700000,44400000,0.0227,
2022/2023,Modimolle-Mookgophong,LIM368,130113,B,1,1,Adverse_Findings,78100000,132900000,84600000,,
2021/2022,Modimolle-Mookgophong,LIM368,130113,B,1,0,Qualified_Findings,45400000,129500000,16300000,0.0027,
2025/2026,Mogale City,GT481,438216,B,1,0,,,,,,
2024/2025,Mogale City,GT481,438216,B,1,0,Unqualified_Findings,234300000,0,0,,
2023/2024,Mogale City,GT481,438216,B,1,0,Unqualified_Findings,615500000,0,0,,
2022/2023,Mogale City,GT481,438216,B,2,1,Qualified_Findings,467800000,0,41500000,0.2756,
2021/2022,Mogale City,GT481,438216,B,1,0,Qualified_Findings,181100000,66200000,28800000,,
2025/2026,Moqhaka,FS201,155410,B,1,0,,,,,,
2024/2025,Moqhaka,FS201,155410,B,1,0,Qualified_Findings,18700000,302200000,118100000,,
2023/2024,Moqhaka,FS201,155410,B,1,0,Qualified_Findings,83900000,122600000,5500000,0.0516,
2022/2023,Moqhaka,FS201,155410,B,1,0,Qualified_Findings,,,,0.0632,
2021/2022,Moqhaka,FS201,155410,B,1,0,Unqualified_Findings,120500000,104200000,29800000,0.0483,
2025/2026,Msunduzi,KZN225,817725,B,1,0,,,,,,
2024/2025,Msunduzi,KZN225,817725,B,1,0,Unqualified_Findings,68700000,0,160200000,,
2023/2024,Msunduzi,KZN225,817725,B,1,0,Qualified_Findings,,,,,
2022/2023,Msunduzi,KZN225,817725,B,1,0,Qualified_Findings,59900000,0,153200000,0.0236,
2021/2022,Msunduzi,KZN225,817725,B,1,0,Qualified_Findings,180100000,510100000,680000,0.0361,
2025/2026,Mthonjaneni,KZN285,99289,B,,,,,,,,No coalition or minority government was in office in Mthonjaneni during the part of this financial year the dataset covers.
2024/2025,Mthonjaneni,KZN285,99289,B,0,0,Unqualified_Findings,130500000,59600000,2200000,0.0372,
2023/2024,Mthonjaneni,KZN285,99289,B,0,0,Unqualified_Findings,86700000,47400000,2500000,0.0272,
2022/2023,Mthonjaneni,KZN285,99289,B,1,0,Unqualified_Findings,64100000,38000000,1700000,0.0334,
2021/2022,Mthonjaneni,KZN285,99289,B,1,0,Unqualified_Findings,48900000,20500000,240000,0.0315,
2025/2026,Mtubatuba,KZN275,215869,B,1,0,,,,,,
2024/2025,Mtubatuba,KZN275,215869,B,1,0,Unqualified_Findings,131500000,62800000,2000000,0.0097,
2023/2024,Mtubatuba,KZN275,215869,B,1,0,Qualified_Findings,274500000,37900000,2700000,0.0090,
2022/2023,Mtubatuba,KZN275,215869,B,2,0,Qualified_Findings,101200000,58200000,1100000,0.0229,
2021/2022,Mtubatuba,KZN275,215869,B,2,1,Qualified_Findings,23900000,46100000,980000,0.0257,
2025/2026,Nala,FS185,90561,B,1,0,,,,,,
2024/2025,Nala,FS185,90561,B,1,0,Pending,,,,,
2023/2024,Nala,FS185,90561,B,1,0,Qualified_Findings,70400000,0,32200000,,
2022/2023,Nala,FS185,90561,B,1,0,Qualified_Findings,11800000,101800000,47900000,,
2021/2022,Nala,FS185,90561,B,1,0,Qualified_Findings,6600000,116700000,24600000,,
2025/2026,Nama Khoi,NC062,67089,B,1,0,,,,,,
2024/2025,Nama Khoi,NC062,67089,B,1,0,Unqualified_Findings,2500000,145400000,2600000,0.0204,
2023/2024,Nama Khoi,NC062,67089,B,1,0,Unqualified_Findings,112300000,24500000,11500000,0.0214,
2022/2023,Nama Khoi,NC062,67089,B,1,0,Qualified_Findings,17300000,62800000,12500000,0.0110,
2021/2022,Nama Khoi,NC062,67089,B,1,0,Qualified_Findings,79800000,17700000,7200000,0.0123,
2025/2026,Nelson Mandela Bay,NMA,1190496,A,1,0,,,,,,
2024/2025,Nelson Mandela Bay,NMA,1190496,A,1,0,Qualified_Findings,2078600000,1649200000,4700000,,
2023/2024,Nelson Mandela Bay,NMA,1190496,A,1,0,Qualified_Findings,1951200000,1441700000,17100000,0.0234,
2022/2023,Nelson Mandela Bay,NMA,1190496,A,3,2,Unqualified_Findings,1401400000,65300000,46100000,0.0238,
2021/2022,Nelson Mandela Bay,NMA,1190496,A,1,0,Qualified_Findings,1380700000,0,7800000,0.0211,
2025/2026,Newcastle,KZN252,507710,B,1,0,,,,,,
2024/2025,Newcastle,KZN252,507710,B,1,0,Unqualified_Findings,81600000,467800000,71600000,0.0194,
2023/2024,Newcastle,KZN252,507710,B,1,0,Unqualified_Findings,80300000,173900000,24000000,0.0111,
2022/2023,Newcastle,KZN252,507710,B,1,0,Unqualified_Findings,70600000,202400000,13000000,0.0109,
2021/2022,Newcastle,KZN252,507710,B,1,0,Unqualified_Findings,111400000,0,460000,0.0160,
2025/2026,Nongoma,KZN265,225278,B,2,1,,,,,,
2024/2025,Nongoma,KZN265,225278,B,1,0,Qualified_Findings,107300000,57900000,0,0.0324,
2023/2024,Nongoma,KZN265,225278,B,2,1,Qualified_Findings,45800000,65400000,1600000,0.0647,
2022/2023,Nongoma,KZN265,225278,B,3,2,Unqualified_Findings,0,61600000,1300000,0.0612,
2021/2022,Nongoma,KZN265,225278,B,1,0,Unqualified_Findings,3800000,51600000,1900000,0.0500,
2025/2026,Okhahlamba,KZN235,143132,B,1,0,,,,,,
2024/2025,Okhahlamba,KZN235,143132,B,1,0,Unqualified_Findings,85500000,11500000,290000,0.0134,
2023/2024,Okhahlamba,KZN235,143132,B,1,0,Unqualified_Findings,39700000,26500000,1900000,0.0350,
2022/2023,Okhahlamba,KZN235,143132,B,1,0,Clean,39400000,8700000,8000,0.0197,
2021/2022,Okhahlamba,KZN235,143132,B,1,0,Clean,850000,1900000,30000,0.0139,
2025/2026,Oudtshoorn,WC045,138257,B,1,0,,,,,,
2024/2025,Oudtshoorn,WC045,138257,B,2,1,Clean,6500000,0,0,0.0190,
2023/2024,Oudtshoorn,WC045,138257,B,1,0,Unqualified_Findings,25900000,0,0,0.0450,
2022/2023,Oudtshoorn,WC045,138257,B,1,0,Clean,5400000,0,0,0.0205,
2021/2022,Oudtshoorn,WC045,138257,B,3,1,Unqualified_Findings,9900000,20600000,0,0.0161,
2025/2026,Phokwane,NC094,80482,B,1,0,,,,,,
2024/2025,Phokwane,NC094,80482,B,1,0,Qualified_Findings,0,252200000,69700000,0.0576,
2023/2024,Phokwane,NC094,80482,B,2,0,Qualified_Findings,18900000,342100000,21000000,,
2022/2023,Phokwane,NC094,80482,B,1,0,Qualified_Findings,,,,0.0521,
2021/2022,Phokwane,NC094,80482,B,1,0,Qualified_Findings,,,,0.0387,
2025/2026,Prince Albert,WC052,17836,B,,,,,,,,No coalition or minority government was in office in Prince Albert during the part of this financial year the dataset covers.
2024/2025,Prince Albert,WC052,17836,B,0,0,Qualified_Findings,840000,670000,590000,0.1184,
2023/2024,Prince Albert,WC052,17836,B,0,0,Unqualified_Findings,5100000,19100000,5000,0.1076,
2022/2023,Prince Albert,WC052,17836,B,1,1,Unqualified_Findings,1700000,7700000,0,0.1133,
2021/2022,Prince Albert,WC052,17836,B,1,0,Clean,80000,4700000,10000,0.0962,
2025/2026,Rand West City,GT485,334773,B,1,0,,,,,,
2024/2025,Rand West City,GT485,334773,B,1,0,Unqualified_Findings,51200000,608100000,146200000,0.0256,
2023/2024,Rand West City,GT485,334773,B,1,0,Unqualified_Findings,210800000,465200000,71100000,0.0180,
2022/2023,Rand West City,GT485,334773,B,1,0,Unqualified_Findings,89100000,229700000,117500000,0.0105,
2021/2022,Rand West City,GT485,334773,B,1,0,Unqualified_Findings,106900000,602600000,84900000,0.0190,
2025/2026,Rustenburg,NW373,562315,B,1,0,,,,,,
2024/2025,Rustenburg,NW373,562315,B,1,0,Qualified_Findings,93500000,60000000,25300000,,
2023/2024,Rustenburg,NW373,562315,B,1,0,Qualified_Findings,318300000,10400000,120000,0.0105,
2022/2023,Rustenburg,NW373,562315,B,1,0,Qualified_Findings,379300000,48000000,2500000,0.0069,
2021/2022,Rustenburg,NW373,562315,B,1,0,Qualified_Findings,326400000,167600000,2600000,0.0041,
2025/2026,Saldanha Bay,WC014,154635,B,1,0,,,,,,
2024/2025,Saldanha Bay,WC014,154635,B,1,0,Clean,0,0,1000,0.0352,
2023/2024,Saldanha Bay,WC014,154635,B,1,0,Clean,34100000,2600000,90000,0.0246,
2022/2023,Saldanha Bay,WC014,154635,B,1,0,Clean,1100000,0,1000,0.0201,
2021/2022,Saldanha Bay,WC014,154635,B,1,0,Clean,1100000,0,40000,0.0179,
2025/2026,Siyancuma,NC078,53165,B,1,0,,,,,,
2024/2025,Siyancuma,NC078,53165,B,1,0,Qualified_Findings,20600000,66500000,8900000,0.0097,
2023/2024,Siyancuma,NC078,53165,B,2,1,Qualified_Findings,19700000,59200000,1600000,0.0073,
2022/2023,Siyancuma,NC078,53165,B,1,0,Qualified_Findings,15700000,29100000,11100000,0.0011,
2021/2022,Siyancuma,NC078,53165,B,1,0,Qualified_Findings,4500000,59700000,3400000,0.0011,
2025/2026,Siyathemba,NC077,27102,B,1,0,,,,,,
2024/2025,Siyathemba,NC077,27102,B,1,0,Qualified_Findings,24800000,80800000,30600000,,
2023/2024,Siyathemba,NC077,27102,B,1,0,Qualified_Findings,10300000,36200000,24300000,0.0126,
2022/2023,Siyathemba,NC077,27102,B,1,0,Qualified_Findings,52100000,44600000,13400000,0.0125,
2021/2022,Siyathemba,NC077,27102,B,1,0,Qualified_Findings,8000000,35500000,3800000,0.0136,
2025/2026,Sol Plaatje,NC091,270078,B,1,0,,,,,,
2024/2025,Sol Plaatje,NC091,270078,B,1,0,Qualified_Findings,171800000,0,29000000,0.1666,
2023/2024,Sol Plaatje,NC091,270078,B,1,0,Qualified_Findings,64600000,29300000,40700000,3.4338,
2022/2023,Sol Plaatje,NC091,270078,B,0,0,Qualified_Findings,142700000,0,100600000,0.1545,
2021/2022,Sol Plaatje,NC091,270078,B,0,0,Qualified_Findings,198200000,0,50400000,0.1365,
2025/2026,Steve Tshwete,MP313,242031,B,1,0,,,,,,
2024/2025,Steve Tshwete,MP313,242031,B,2,0,Qualified_Findings,7900000,108300000,330000,0.0176,
2023/2024,Steve Tshwete,MP313,242031,B,1,0,Qualified_Findings,51000000,95400000,7000000,0.0216,
2022/2023,Steve Tshwete,MP313,242031,B,1,0,Qualified_Findings,289900000,0,0,0.0167,
2021/2022,Steve Tshwete,MP313,242031,B,1,0,Unqualified_Findings,0,0,0,0.0180,
2025/2026,Swellendam,WC034,47114,B,1,0,,,,,,
2024/2025,Swellendam,WC034,47114,B,1,0,Clean,133400000,39300000,3000,0.0968,
2023/2024,Swellendam,WC034,47114,B,1,0,Clean,63500000,980000,0,0.0611,
2022/2023,Swellendam,WC034,47114,B,1,0,Unqualified_Findings,35100000,1000000,250000,0.0539,
2021/2022,Swellendam,WC034,47114,B,0,0,Clean,54600000,2500000,0,0.3069,
2025/2026,Thabazimbi,LIM361,65047,B,1,0,,,,,,
2024/2025,Thabazimbi,LIM361,65047,B,2,1,Qualified_Findings,174900000,90200000,19400000,,
2023/2024,Thabazimbi,LIM361,65047,B,1,0,Disclaimed_Findings,22700000,60000000,6100000,0.0509,
2022/2023,Thabazimbi,LIM361,65047,B,2,0,Qualified_Findings,40600000,26300000,14300000,0.0317,
2021/2022,Thabazimbi,LIM361,65047,B,1,0,Qualified_Findings,8300000,91900000,10400000,0.0403,
2025/2026,Theewaterskloof,WC031,139563,B,1,0,,,,,,
2024/2025,Theewaterskloof,WC031,139563,B,4,3,Qualified_Findings,109000000,180000,7500000,0.1004,
2023/2024,Theewaterskloof,WC031,139563,B,1,0,Qualified_Findings,262300000,49400000,0,0.1395,
2022/2023,Theewaterskloof,WC031,139563,B,1,0,Unqualified_Findings,196900000,104400000,20000,0.1141,
2021/2022,Theewaterskloof,WC031,139563,B,1,0,Clean,2000000,0,0,0.1196,
2025/2026,Thembelihle,NC076,22542,B,1,0,,,,,,
2024/2025,Thembelihle,NC076,22542,B,1,0,Qualified_Findings,830000,8000000,5600000,0.0098,
2023/2024,Thembelihle,NC076,22542,B,2,1,Qualified_Findings,3800000,50600000,10400000,0.0074,
2022/2023,Thembelihle,NC076,22542,B,1,0,Qualified_Findings,7800000,15500000,8100000,0.0073,
2021/2022,Thembelihle,NC076,22542,B,1,0,Qualified_Findings,27400000,0,6600000,0.0059,
2025/2026,uMdoni,KZN212,156443,B,1,0,,,,,,
2024/2025,uMdoni,KZN212,156443,B,1,0,Unqualified_Findings,303700000,26400000,270000,0.0778,
2023/2024,uMdoni,KZN212,156443,B,2,0,Qualified_Findings,16400000,6600000,110000,0.0794,
2022/2023,uMdoni,KZN212,156443,B,1,0,Unqualified_Findings,16900000,27900000,2300000,0.1110,
2021/2022,uMdoni,KZN212,156443,B,1,0,Unqualified_Findings,69300000,58600000,100000,0.0286,
2025/2026,uMhlabuyalingana,KZN271,191660,B,1,0,,,,,,
2024/2025,uMhlabuyalingana,KZN271,191660,B,1,0,Unqualified_Findings,36500000,0,5000,0.0609,
2023/2024,uMhlabuyalingana,KZN271,191660,B,1,0,Unqualified_Findings,47100000,0,70000,0.0857,
2022/2023,uMhlabuyalingana,KZN271,191660,B,2,0,Unqualified_Findings,23600000,0,340000,0.0599,
2021/2022,uMhlabuyalingana,KZN271,191660,B,1,0,Unqualified_Findings,16700000,0,12700000,0.0475,
2025/2026,uMhlathuze,KZN282,412075,B,1,0,,,,,,
2024/2025,uMhlathuze,KZN282,412075,B,1,0,Clean,0,0,0,0.0302,
2023/2024,uMhlathuze,KZN282,412075,B,2,0,Clean,0,0,0,0.0286,
2022/2023,uMhlathuze,KZN282,412075,B,2,0,Clean,410000,0,0,0.0359,
2021/2022,uMhlathuze,KZN282,412075,B,1,0,Clean,0,0,0,0.0328,
2025/2026,uMuziwabantu,KZN214,115780,B,1,0,,,,,,
2024/2025,uMuziwabantu,KZN214,115780,B,1,0,Unqualified_Findings,14100000,0,4000,0.0394,
2023/2024,uMuziwabantu,KZN214,115780,B,2,0,Unqualified_Findings,5500000,0,350000,0.0472,
2022/2023,uMuziwabantu,KZN214,115780,B,1,0,Unqualified_Findings,5800000,0,100000,0.0330,
2021/2022,uMuziwabantu,KZN214,115780,B,1,0,Unqualified_Findings,13300000,0,100000,0.0189,
2025/2026,uMvoti,KZN245,142042,B,1,0,,,,,,
2024/2025,uMvoti,KZN245,142042,B,1,0,Unqualified_Findings,400000,15200000,0,0.0228,
2023/2024,uMvoti,KZN245,142042,B,2,1,Clean,810000,0,0,0.0244,
2022/2023,uMvoti,KZN245,142042,B,3,1,Unqualified_Findings,40000,36900000,10000,0.0285,
2021/2022,uMvoti,KZN245,142042,B,1,0,Unqualified_Findings,9100000,9900000,310000,0.0232,
2025/2026,uMzumbe,KZN213,139045,B,1,0,,,,,,
2024/2025,uMzumbe,KZN213,139045,B,2,0,Unqualified_Findings,171700000,68500000,90000,0.0133,
2023/2024,uMzumbe,KZN213,139045,B,1,0,Adverse_Findings,600000,0,20000,0.0158,
2022/2023,uMzumbe,KZN213,139045,B,0,0,Qualified_Findings,16500000,2400000,20000,0.0591,
2021/2022,uMzumbe,KZN213,139045,B,0,0,Unqualified_Findings,41700000,0,1000,0.0143,
2025/2026,uPhongolo,KZN262,151541,B,1,0,,,,,,
2024/2025,uPhongolo,KZN262,151541,B,1,0,Unqualified_Findings,70000,50100000,2000000,0.0080,
2023/2024,uPhongolo,KZN262,151541,B,0,0,Unqualified_Findings,220000,137800000,10000,0.0090,
2022/2023,uPhongolo,KZN262,151541,B,0,0,Unqualified_Findings,730000,32500000,7900000,0.0061,
2021/2022,uPhongolo,KZN262,151541,B,0,0,Unqualified_Findings,24600000,48700000,30000,0.0051,
2025/2026,Witzenberg,WC022,103765,B,1,0,,,,,,
2024/2025,Witzenberg,WC022,103765,B,1,0,Clean,0,0,0,0.0155,
2023/2024,Witzenberg,WC022,103765,B,2,1,Clean,5900000,0,0,0.0221,
2022/2023,Witzenberg,WC022,103765,B,2,1,Clean,5400000,0,0,0.0269,
2021/2022,Witzenberg,WC022,103765,B,1,0,Clean,0,8900000,0,0.0133,
